{"long_prompt": {"dino": 1.1959270238876343, "inception": 2.0241034030914307}, "pmog": {"dino": 1.3378651142120361, "inception": 2.7497944831848145}, "cads": {"dino": 2.3857967853546143, "inception": 3.1675286293029785}, "df": {"dino": 1.5007725954055786, "inception": 2.3544774055480957}}