{
  "avg": 11.570469791666667,
  "min": 11.55005078125,
  "max": 11.585986979166668,
  "all": [
    11.57813671875,
    11.574635416666666,
    11.55005078125,
    11.5635390625,
    11.585986979166668
  ]
}