{
  "avg": 11.434534375,
  "min": 11.428313802083332,
  "max": 11.439225260416668,
  "all": [
    11.428313802083332,
    11.437502604166667,
    11.439225260416668,
    11.43290234375,
    11.434727864583332
  ]
}