{
  "avg": 11.402626822916668,
  "min": 11.394912760416666,
  "max": 11.408243489583334,
  "all": [
    11.394912760416666,
    11.401540364583333,
    11.408243489583334,
    11.40716796875,
    11.40126953125
  ]
}