{
  "avg": 12.172693489583333,
  "min": 12.167114583333332,
  "max": 12.180970052083333,
  "all": [
    12.170032552083333,
    12.180970052083333,
    12.176139322916667,
    12.167114583333332,
    12.169210937499999
  ]
}