{
  "avg": 8.192372395833333,
  "min": 8.185341796874999,
  "max": 8.19829296875,
  "all": [
    8.185341796874999,
    8.19236328125,
    8.194192708333334,
    8.19829296875,
    8.191671223958332
  ]
}