{
  "avg": 8.305327734375,
  "min": 8.269512369791666,
  "max": 8.389963541666667,
  "all": [
    8.269512369791666,
    8.389963541666667,
    8.297229817708333,
    8.292501302083332,
    8.277431640625
  ]
}