{
  "avg": 8.283693098958334,
  "min": 8.272991536458333,
  "max": 8.2905,
  "all": [
    8.272991536458333,
    8.288598958333333,
    8.28626171875,
    8.280113281250001,
    8.2905
  ]
}