{
  "avg": 8.223015885416668,
  "min": 8.214457682291666,
  "max": 8.231447916666667,
  "all": [
    8.214457682291666,
    8.231447916666667,
    8.220697265625,
    8.228126302083334,
    8.220350260416668
  ]
}