{
  "avg": 14.602641406250001,
  "min": 14.577778645833334,
  "max": 14.61958203125,
  "all": [
    14.614239583333335,
    14.615884114583332,
    14.577778645833334,
    14.61958203125,
    14.585722656249999
  ]
}