{
  "avg": 14.46775,
  "min": 14.461858072916668,
  "max": 14.4707421875,
  "all": [
    14.461858072916668,
    14.4678046875,
    14.469354166666667,
    14.468990885416666,
    14.4707421875
  ]
}