{
  "avg": 14.595194010416668,
  "min": 14.588217447916668,
  "max": 14.598915364583334,
  "all": [
    14.59748828125,
    14.597733072916666,
    14.598915364583334,
    14.593615885416668,
    14.588217447916668
  ]
}