{
  "avg": 14.506376302083334,
  "min": 14.502953125,
  "max": 14.509825520833333,
  "all": [
    14.506098958333332,
    14.50745703125,
    14.502953125,
    14.505546875,
    14.509825520833333
  ]
}