{
  "avg": 8.677738151041666,
  "min": 8.656725911458333,
  "max": 8.688061848958332,
  "all": [
    8.656725911458333,
    8.674389973958332,
    8.683440755208332,
    8.686072265625,
    8.688061848958332
  ]
}