{
  "avg": 8.728436979166666,
  "min": 8.721924479166667,
  "max": 8.733585937500001,
  "all": [
    8.721924479166667,
    8.724263671874999,
    8.730003255208333,
    8.732407552083332,
    8.733585937500001
  ]
}