{
  "avg": 9.189111979166666,
  "min": 9.186500651041667,
  "max": 9.19059765625,
  "all": [
    9.189826822916666,
    9.186500651041667,
    9.19059765625,
    9.189863932291667,
    9.188770833333333
  ]
}