{
  "avg": 8.760011067708334,
  "min": 8.742052734375,
  "max": 8.774309895833333,
  "all": [
    8.742052734375,
    8.774309895833333,
    8.763625651041666,
    8.758345052083333,
    8.761722005208332
  ]
}