{"dino_semantic": 0.9590538144111633, "dino_embeddings_vendi": 1.218052625656128, "inception_semantic": 0.8310561180114746, "inception_embeddings_vendi": 1.864457368850708, "pixel_vendi": 1.645730005669953}