{"long_prompt": {"dino": 1.3667197227478027, "inception": 1.8195971250534058}, "pmog": {"dino": 1.5566869974136353, "inception": 2.0134634971618652}, "cads": {"dino": 2.871212959289551, "inception": 2.47997784614563}, "df": {"dino": 1.4193497896194458, "inception": 1.8181602954864502}}